funnel_type,unit_type,step_order,previous_funnel_step,current_funnel_step,funnel_transition,previous_step_count,reached_count,dropoff_count,dropoff_rate,step_conversion_rate,overall_conversion_rate,unique_transactions,total_purchase_revenue,average_order_value,estimated_revenue_leakage,leakage_rank_within_funnel,overall_leakage_rank,leakage_priority
Session-Level Main Funnel,Sessions,2,View Item,Add to Cart,View Item → Add to Cart,77020,15167,61853,0.80307712282524024,0.19692287717475981,0.19692287717475981,4452,309198.0,69.451482479784374,4295782.5458221026,1,1,Very High
User-Level Main Funnel,Users,2,View Item,Add to Cart,View Item → Add to Cart,61252,12538,48714,0.79530464311369431,0.20469535688630575,0.20469535688630575,4452,309198.0,69.451482479784374,3383259.5175202158,1,2,Very High
Session-Level Main Funnel,Sessions,3,Add to Cart,Begin Checkout,Add to Cart → Begin Checkout,15167,5416,9751,0.64290894705610868,0.35709105294389132,0.070319397559075569,4452,309198.0,69.451482479784374,677221.40566037747,2,3,High
User-Level Main Funnel,Users,3,Add to Cart,Begin Checkout,Add to Cart → Begin Checkout,12538,5034,7504,0.59850055830275961,0.40149944169724039,0.082185071507869134,4452,309198.0,69.451482479784374,521163.92452830193,2,4,High
Checkout Friction Funnel,Sessions,2,Begin Checkout,Add Shipping Info,Begin Checkout → Add Shipping Info,11106,7081,4025,0.36241671168737621,0.63758328831262379,0.63758328831262379,4452,309198.0,69.451482479784374,279542.21698113211,1,5,Medium
Session-Level Main Funnel,Sessions,4,Begin Checkout,Purchase,Begin Checkout → Purchase,5416,2834,2582,0.47673559822747413,0.52326440177252587,0.036795637496754088,4452,309198.0,69.451482479784374,179323.72776280326,3,6,Medium
Checkout Friction Funnel,Sessions,3,Add Shipping Info,Add Payment Info,Add Shipping Info → Add Payment Info,7081,4677,2404,0.33950007061149556,0.66049992938850444,0.42112371690977851,4452,309198.0,69.451482479784374,166961.36388140163,2,7,Medium
User-Level Main Funnel,Users,4,Begin Checkout,Purchase,Begin Checkout → Purchase,5034,2856,2178,0.432657926102503,0.567342073897497,0.046627048912688568,4452,309198.0,69.451482479784374,151265.32884097038,3,8,Medium
Checkout Friction Funnel,Sessions,4,Add Payment Info,Purchase,Add Payment Info → Purchase,4677,3291,1386,0.29634381013470168,0.70365618986529832,0.29632631010264721,4452,309198.0,69.451482479784374,96259.754716981144,3,9,Low